Domain Code;Domain;Area Code (M49);Area;NUTS_ID;Element Code;Element;Item Code;Item;Year Code;Year;Unit;Value;Flag;Flag Description;Note
RL;Land Use;40;Austria;AT;5110;Area;6656;Perm. meadows & pastures - Cultivated;2001;2001;1000 ha;950.7;A;Official figure;
RL;Land Use;40;Austria;AT;5110;Area;6656;Perm. meadows & pastures - Cultivated;2002;2002;1000 ha;944.5;A;Official figure;
RL;Land Use;40;Austria;AT;5110;Area;6656;Perm. meadows & pastures - Cultivated;2003;2003;1000 ha;938.3;A;Official figure;
RL;Land Use;40;Austria;AT;5110;Area;6656;Perm. meadows & pastures - Cultivated;2004;2004;1000 ha;932;A;Official figure;
RL;Land Use;40;Austria;AT;5110;Area;6656;Perm. meadows & pastures - Cultivated;2005;2005;1000 ha;925.8;A;Official figure;
RL;Land Use;40;Austria;AT;5110;Area;6656;Perm. meadows & pastures - Cultivated;2006;2006;1000 ha;919.6;A;Official figure;
RL;Land Use;40;Austria;AT;5110;Area;6656;Perm. meadows & pastures - Cultivated;2007;2007;1000 ha;913.4;A;Official figure;
RL;Land Use;40;Austria;AT;5110;Area;6656;Perm. meadows & pastures - Cultivated;2008;2008;1000 ha;907.1;A;Official figure;
RL;Land Use;40;Austria;AT;5110;Area;6656;Perm. meadows & pastures - Cultivated;2009;2009;1000 ha;900.9;A;Official figure;
RL;Land Use;40;Austria;AT;5110;Area;6656;Perm. meadows & pastures - Cultivated;2010;2010;1000 ha;894.7;A;Official figure;
RL;Land Use;40;Austria;AT;5110;Area;6656;Perm. meadows & pastures - Cultivated;2011;2011;1000 ha;884.8;A;Official figure;
RL;Land Use;40;Austria;AT;5110;Area;6656;Perm. meadows & pastures - Cultivated;2012;2012;1000 ha;875;A;Official figure;
RL;Land Use;40;Austria;AT;5110;Area;6656;Perm. meadows & pastures - Cultivated;2013;2013;1000 ha;865.1;A;Official figure;
RL;Land Use;40;Austria;AT;5110;Area;6656;Perm. meadows & pastures - Cultivated;2014;2014;1000 ha;865.1;A;Official figure;
RL;Land Use;40;Austria;AT;5110;Area;6656;Perm. meadows & pastures - Cultivated;2015;2015;1000 ha;871;I;Imputed value;
RL;Land Use;40;Austria;AT;5110;Area;6656;Perm. meadows & pastures - Cultivated;2016;2016;1000 ha;842.6;A;Official figure;
RL;Land Use;40;Austria;AT;5110;Area;6656;Perm. meadows & pastures - Cultivated;2017;2017;1000 ha;842.6;A;Official figure;
RL;Land Use;40;Austria;AT;5110;Area;6656;Perm. meadows & pastures - Cultivated;2018;2018;1000 ha;824.94;I;Imputed value;
RL;Land Use;40;Austria;AT;5110;Area;6656;Perm. meadows & pastures - Cultivated;2019;2019;1000 ha;807.28;I;Imputed value;
RL;Land Use;40;Austria;AT;5110;Area;6656;Perm. meadows & pastures - Cultivated;2020;2020;1000 ha;789.62;A;Official figure;
RL;Land Use;40;Austria;AT;5110;Area;6656;Perm. meadows & pastures - Cultivated;2021;2021;1000 ha;754.209;A;Official figure;
RL;Land Use;40;Austria;AT;5110;Area;6656;Perm. meadows & pastures - Cultivated;2022;2022;1000 ha;754.209;I;Imputed value;
RL;Land Use;112;Belarus;;5110;Area;6656;Perm. meadows & pastures - Cultivated;2001;2001;1000 ha;2269;A;Official figure;
RL;Land Use;112;Belarus;;5110;Area;6656;Perm. meadows & pastures - Cultivated;2002;2002;1000 ha;2269;A;Official figure;
RL;Land Use;112;Belarus;;5110;Area;6656;Perm. meadows & pastures - Cultivated;2003;2003;1000 ha;2274;A;Official figure;
RL;Land Use;112;Belarus;;5110;Area;6656;Perm. meadows & pastures - Cultivated;2004;2004;1000 ha;2272;A;Official figure;
RL;Land Use;112;Belarus;;5110;Area;6656;Perm. meadows & pastures - Cultivated;2005;2005;1000 ha;2270;A;Official figure;
RL;Land Use;112;Belarus;;5110;Area;6656;Perm. meadows & pastures - Cultivated;2006;2006;1000 ha;2272;A;Official figure;
RL;Land Use;112;Belarus;;5110;Area;6656;Perm. meadows & pastures - Cultivated;2007;2007;1000 ha;2251;I;Imputed value;
RL;Land Use;112;Belarus;;5110;Area;6656;Perm. meadows & pastures - Cultivated;2008;2008;1000 ha;2252;I;Imputed value;
RL;Land Use;112;Belarus;;5110;Area;6656;Perm. meadows & pastures - Cultivated;2009;2009;1000 ha;2233;A;Official figure;
RL;Land Use;112;Belarus;;5110;Area;6656;Perm. meadows & pastures - Cultivated;2010;2010;1000 ha;2218;A;Official figure;
RL;Land Use;112;Belarus;;5110;Area;6656;Perm. meadows & pastures - Cultivated;2011;2011;1000 ha;2208;A;Official figure;
RL;Land Use;112;Belarus;;5110;Area;6656;Perm. meadows & pastures - Cultivated;2012;2012;1000 ha;2145;I;Imputed value;
RL;Land Use;208;Denmark;DK;5110;Area;6656;Perm. meadows & pastures - Cultivated;2001;2001;1000 ha;376;A;Official figure;
RL;Land Use;208;Denmark;DK;5110;Area;6656;Perm. meadows & pastures - Cultivated;2002;2002;1000 ha;382;A;Official figure;
RL;Land Use;208;Denmark;DK;5110;Area;6656;Perm. meadows & pastures - Cultivated;2003;2003;1000 ha;384;A;Official figure;
RL;Land Use;208;Denmark;DK;5110;Area;6656;Perm. meadows & pastures - Cultivated;2004;2004;1000 ha;370;A;Official figure;
RL;Land Use;208;Denmark;DK;5110;Area;6656;Perm. meadows & pastures - Cultivated;2005;2005;1000 ha;368;A;Official figure;
RL;Land Use;208;Denmark;DK;5110;Area;6656;Perm. meadows & pastures - Cultivated;2006;2006;1000 ha;357;A;Official figure;
RL;Land Use;208;Denmark;DK;5110;Area;6656;Perm. meadows & pastures - Cultivated;2007;2007;1000 ha;350;A;Official figure;
RL;Land Use;208;Denmark;DK;5110;Area;6656;Perm. meadows & pastures - Cultivated;2008;2008;1000 ha;261;A;Official figure;
RL;Land Use;208;Denmark;DK;5110;Area;6656;Perm. meadows & pastures - Cultivated;2009;2009;1000 ha;197;A;Official figure;
RL;Land Use;208;Denmark;DK;5110;Area;6656;Perm. meadows & pastures - Cultivated;2010;2010;1000 ha;200;A;Official figure;
RL;Land Use;208;Denmark;DK;5110;Area;6656;Perm. meadows & pastures - Cultivated;2011;2011;1000 ha;187;A;Official figure;
RL;Land Use;208;Denmark;DK;5110;Area;6656;Perm. meadows & pastures - Cultivated;2012;2012;1000 ha;200;A;Official figure;
RL;Land Use;208;Denmark;DK;5110;Area;6656;Perm. meadows & pastures - Cultivated;2013;2013;1000 ha;195;A;Official figure;
RL;Land Use;208;Denmark;DK;5110;Area;6656;Perm. meadows & pastures - Cultivated;2014;2014;1000 ha;193;A;Official figure;
RL;Land Use;208;Denmark;DK;5110;Area;6656;Perm. meadows & pastures - Cultivated;2015;2015;1000 ha;255;A;Official figure;
RL;Land Use;208;Denmark;DK;5110;Area;6656;Perm. meadows & pastures - Cultivated;2016;2016;1000 ha;226;A;Official figure;
RL;Land Use;208;Denmark;DK;5110;Area;6656;Perm. meadows & pastures - Cultivated;2017;2017;1000 ha;235;A;Official figure;
RL;Land Use;208;Denmark;DK;5110;Area;6656;Perm. meadows & pastures - Cultivated;2018;2018;1000 ha;213;A;Official figure;
RL;Land Use;208;Denmark;DK;5110;Area;6656;Perm. meadows & pastures - Cultivated;2019;2019;1000 ha;206.687;A;Official figure;
RL;Land Use;208;Denmark;DK;5110;Area;6656;Perm. meadows & pastures - Cultivated;2020;2020;1000 ha;222.405;A;Official figure;
RL;Land Use;208;Denmark;DK;5110;Area;6656;Perm. meadows & pastures - Cultivated;2021;2021;1000 ha;234;A;Official figure;
RL;Land Use;208;Denmark;DK;5110;Area;6656;Perm. meadows & pastures - Cultivated;2022;2022;1000 ha;233;A;Official figure;
RL;Land Use;233;Estonia;EE;5110;Area;6656;Perm. meadows & pastures - Cultivated;2003;2003;1000 ha;171;A;Official figure;
RL;Land Use;233;Estonia;EE;5110;Area;6656;Perm. meadows & pastures - Cultivated;2004;2004;1000 ha;168.6;A;Official figure;
RL;Land Use;233;Estonia;EE;5110;Area;6656;Perm. meadows & pastures - Cultivated;2005;2005;1000 ha;143;A;Official figure;
RL;Land Use;233;Estonia;EE;5110;Area;6656;Perm. meadows & pastures - Cultivated;2006;2006;1000 ha;137.3;A;Official figure;
RL;Land Use;233;Estonia;EE;5110;Area;6656;Perm. meadows & pastures - Cultivated;2007;2007;1000 ha;146;A;Official figure;
RL;Land Use;233;Estonia;EE;5110;Area;6656;Perm. meadows & pastures - Cultivated;2008;2008;1000 ha;124;A;Official figure;
RL;Land Use;233;Estonia;EE;5110;Area;6656;Perm. meadows & pastures - Cultivated;2009;2009;1000 ha;124.3;A;Official figure;
RL;Land Use;233;Estonia;EE;5110;Area;6656;Perm. meadows & pastures - Cultivated;2010;2010;1000 ha;107.4;A;Official figure;
RL;Land Use;233;Estonia;EE;5110;Area;6656;Perm. meadows & pastures - Cultivated;2011;2011;1000 ha;111.1;A;Official figure;
RL;Land Use;233;Estonia;EE;5110;Area;6656;Perm. meadows & pastures - Cultivated;2012;2012;1000 ha;159.3;A;Official figure;
RL;Land Use;234;Faroe Islands;;5110;Area;6656;Perm. meadows & pastures - Cultivated;2001;2001;1000 ha;7.232;I;Imputed value;
RL;Land Use;234;Faroe Islands;;5110;Area;6656;Perm. meadows & pastures - Cultivated;2002;2002;1000 ha;7.236;I;Imputed value;
RL;Land Use;234;Faroe Islands;;5110;Area;6656;Perm. meadows & pastures - Cultivated;2003;2003;1000 ha;7.236;I;Imputed value;
RL;Land Use;234;Faroe Islands;;5110;Area;6656;Perm. meadows & pastures - Cultivated;2004;2004;1000 ha;7.236;I;Imputed value;
RL;Land Use;234;Faroe Islands;;5110;Area;6656;Perm. meadows & pastures - Cultivated;2005;2005;1000 ha;7.236;I;Imputed value;
RL;Land Use;234;Faroe Islands;;5110;Area;6656;Perm. meadows & pastures - Cultivated;2006;2006;1000 ha;7.236;I;Imputed value;
RL;Land Use;234;Faroe Islands;;5110;Area;6656;Perm. meadows & pastures - Cultivated;2007;2007;1000 ha;7.236;I;Imputed value;
RL;Land Use;234;Faroe Islands;;5110;Area;6656;Perm. meadows & pastures - Cultivated;2008;2008;1000 ha;7.236;I;Imputed value;
RL;Land Use;234;Faroe Islands;;5110;Area;6656;Perm. meadows & pastures - Cultivated;2009;2009;1000 ha;7.226;I;Imputed value;
RL;Land Use;234;Faroe Islands;;5110;Area;6656;Perm. meadows & pastures - Cultivated;2010;2010;1000 ha;7.225;I;Imputed value;
RL;Land Use;234;Faroe Islands;;5110;Area;6656;Perm. meadows & pastures - Cultivated;2011;2011;1000 ha;7.225;I;Imputed value;
RL;Land Use;234;Faroe Islands;;5110;Area;6656;Perm. meadows & pastures - Cultivated;2012;2012;1000 ha;7.225;I;Imputed value;
RL;Land Use;234;Faroe Islands;;5110;Area;6656;Perm. meadows & pastures - Cultivated;2013;2013;1000 ha;7.225;I;Imputed value;
RL;Land Use;234;Faroe Islands;;5110;Area;6656;Perm. meadows & pastures - Cultivated;2014;2014;1000 ha;7.227;I;Imputed value;
RL;Land Use;234;Faroe Islands;;5110;Area;6656;Perm. meadows & pastures - Cultivated;2015;2015;1000 ha;7.227;I;Imputed value;
RL;Land Use;234;Faroe Islands;;5110;Area;6656;Perm. meadows & pastures - Cultivated;2016;2016;1000 ha;7.221;I;Imputed value;
RL;Land Use;234;Faroe Islands;;5110;Area;6656;Perm. meadows & pastures - Cultivated;2017;2017;1000 ha;7.221;I;Imputed value;
RL;Land Use;234;Faroe Islands;;5110;Area;6656;Perm. meadows & pastures - Cultivated;2018;2018;1000 ha;7.22;I;Imputed value;
RL;Land Use;234;Faroe Islands;;5110;Area;6656;Perm. meadows & pastures - Cultivated;2019;2019;1000 ha;7.22;I;Imputed value;
RL;Land Use;234;Faroe Islands;;5110;Area;6656;Perm. meadows & pastures - Cultivated;2020;2020;1000 ha;7.2;A;Official figure;
RL;Land Use;234;Faroe Islands;;5110;Area;6656;Perm. meadows & pastures - Cultivated;2021;2021;1000 ha;7;A;Official figure;
RL;Land Use;234;Faroe Islands;;5110;Area;6656;Perm. meadows & pastures - Cultivated;2022;2022;1000 ha;7;A;Official figure;
RL;Land Use;250;France;FR;5110;Area;6656;Perm. meadows & pastures - Cultivated;2001;2001;1000 ha;7805.4;A;Official figure;
RL;Land Use;250;France;FR;5110;Area;6656;Perm. meadows & pastures - Cultivated;2002;2002;1000 ha;7724.8;A;Official figure;
RL;Land Use;250;France;FR;5110;Area;6656;Perm. meadows & pastures - Cultivated;2003;2003;1000 ha;7697.7;A;Official figure;
RL;Land Use;250;France;FR;5110;Area;6656;Perm. meadows & pastures - Cultivated;2004;2004;1000 ha;7644.4;A;Official figure;
RL;Land Use;250;France;FR;5110;Area;6656;Perm. meadows & pastures - Cultivated;2005;2005;1000 ha;7613.6;A;Official figure;
RL;Land Use;250;France;FR;5110;Area;6656;Perm. meadows & pastures - Cultivated;2006;2006;1000 ha;7564.1;A;Official figure;
RL;Land Use;250;France;FR;5110;Area;6656;Perm. meadows & pastures - Cultivated;2007;2007;1000 ha;7503.3;A;Official figure;
RL;Land Use;250;France;FR;5110;Area;6656;Perm. meadows & pastures - Cultivated;2008;2008;1000 ha;7458.8;A;Official figure;
RL;Land Use;250;France;FR;5110;Area;6656;Perm. meadows & pastures - Cultivated;2009;2009;1000 ha;7425.1;A;Official figure;
RL;Land Use;250;France;FR;5110;Area;6656;Perm. meadows & pastures - Cultivated;2010;2010;1000 ha;7308.6;A;Official figure;
RL;Land Use;250;France;FR;5110;Area;6656;Perm. meadows & pastures - Cultivated;2011;2011;1000 ha;7293.4;A;Official figure;
RL;Land Use;250;France;FR;5110;Area;6656;Perm. meadows & pastures - Cultivated;2012;2012;1000 ha;7221.8;A;Official figure;
RL;Land Use;250;France;FR;5110;Area;6656;Perm. meadows & pastures - Cultivated;2013;2013;1000 ha;7072.4;A;Official figure;
RL;Land Use;250;France;FR;5110;Area;6656;Perm. meadows & pastures - Cultivated;2014;2014;1000 ha;6990;A;Official figure;
RL;Land Use;300;Greece;EL;5110;Area;6656;Perm. meadows & pastures - Cultivated;2013;2013;1000 ha;2702;A;Official figure;
RL;Land Use;300;Greece;EL;5110;Area;6656;Perm. meadows & pastures - Cultivated;2014;2014;1000 ha;1706;A;Official figure;
RL;Land Use;300;Greece;EL;5110;Area;6656;Perm. meadows & pastures - Cultivated;2015;2015;1000 ha;1763;A;Official figure;
RL;Land Use;300;Greece;EL;5110;Area;6656;Perm. meadows & pastures - Cultivated;2016;2016;1000 ha;1688;A;Official figure;
RL;Land Use;300;Greece;EL;5110;Area;6656;Perm. meadows & pastures - Cultivated;2017;2017;1000 ha;1784.145;A;Official figure;
RL;Land Use;300;Greece;EL;5110;Area;6656;Perm. meadows & pastures - Cultivated;2018;2018;1000 ha;1688.5148;A;Official figure;
RL;Land Use;300;Greece;EL;5110;Area;6656;Perm. meadows & pastures - Cultivated;2019;2019;1000 ha;1582.501;A;Official figure;
RL;Land Use;300;Greece;EL;5110;Area;6656;Perm. meadows & pastures - Cultivated;2020;2020;1000 ha;1803.8774;A;Official figure;
RL;Land Use;300;Greece;EL;5110;Area;6656;Perm. meadows & pastures - Cultivated;2021;2021;1000 ha;1859.59;A;Official figure;
RL;Land Use;300;Greece;EL;5110;Area;6656;Perm. meadows & pastures - Cultivated;2022;2022;1000 ha;1860;I;Imputed value;
RL;Land Use;348;Hungary;HU;5110;Area;6656;Perm. meadows & pastures - Cultivated;2001;2001;1000 ha;65;I;Imputed value;
RL;Land Use;348;Hungary;HU;5110;Area;6656;Perm. meadows & pastures - Cultivated;2002;2002;1000 ha;65;I;Imputed value;
RL;Land Use;348;Hungary;HU;5110;Area;6656;Perm. meadows & pastures - Cultivated;2003;2003;1000 ha;65;I;Imputed value;
RL;Land Use;348;Hungary;HU;5110;Area;6656;Perm. meadows & pastures - Cultivated;2004;2004;1000 ha;65;I;Imputed value;
RL;Land Use;348;Hungary;HU;5110;Area;6656;Perm. meadows & pastures - Cultivated;2005;2005;1000 ha;65;I;Imputed value;
RL;Land Use;348;Hungary;HU;5110;Area;6656;Perm. meadows & pastures - Cultivated;2006;2006;1000 ha;65;I;Imputed value;
RL;Land Use;348;Hungary;HU;5110;Area;6656;Perm. meadows & pastures - Cultivated;2007;2007;1000 ha;65;I;Imputed value;
RL;Land Use;348;Hungary;HU;5110;Area;6656;Perm. meadows & pastures - Cultivated;2008;2008;1000 ha;65;I;Imputed value;
RL;Land Use;348;Hungary;HU;5110;Area;6656;Perm. meadows & pastures - Cultivated;2009;2009;1000 ha;65;I;Imputed value;
RL;Land Use;348;Hungary;HU;5110;Area;6656;Perm. meadows & pastures - Cultivated;2010;2010;1000 ha;65;I;Imputed value;
RL;Land Use;348;Hungary;HU;5110;Area;6656;Perm. meadows & pastures - Cultivated;2011;2011;1000 ha;65;I;Imputed value;
RL;Land Use;348;Hungary;HU;5110;Area;6656;Perm. meadows & pastures - Cultivated;2012;2012;1000 ha;65;I;Imputed value;
RL;Land Use;348;Hungary;HU;5110;Area;6656;Perm. meadows & pastures - Cultivated;2013;2013;1000 ha;65;A;Official figure;
RL;Land Use;348;Hungary;HU;5110;Area;6656;Perm. meadows & pastures - Cultivated;2014;2014;1000 ha;85;A;Official figure;
RL;Land Use;348;Hungary;HU;5110;Area;6656;Perm. meadows & pastures - Cultivated;2015;2015;1000 ha;87;A;Official figure;
RL;Land Use;348;Hungary;HU;5110;Area;6656;Perm. meadows & pastures - Cultivated;2016;2016;1000 ha;71;A;Official figure;
RL;Land Use;352;Iceland;;5110;Area;6656;Perm. meadows & pastures - Cultivated;2010;2010;1000 ha;154;A;Official figure;
RL;Land Use;372;Ireland;IE;5110;Area;6656;Perm. meadows & pastures - Cultivated;2001;2001;1000 ha;3435.8;I;Imputed value;
RL;Land Use;372;Ireland;IE;5110;Area;6656;Perm. meadows & pastures - Cultivated;2002;2002;1000 ha;3380.8;I;Imputed value;
RL;Land Use;372;Ireland;IE;5110;Area;6656;Perm. meadows & pastures - Cultivated;2003;2003;1000 ha;3368.77;I;Imputed value;
RL;Land Use;372;Ireland;IE;5110;Area;6656;Perm. meadows & pastures - Cultivated;2004;2004;1000 ha;3327.35;I;Imputed value;
RL;Land Use;372;Ireland;IE;5110;Area;6656;Perm. meadows & pastures - Cultivated;2005;2005;1000 ha;3339.31;I;Imputed value;
RL;Land Use;372;Ireland;IE;5110;Area;6656;Perm. meadows & pastures - Cultivated;2006;2006;1000 ha;3318.92;I;Imputed value;
RL;Land Use;372;Ireland;IE;5110;Area;6656;Perm. meadows & pastures - Cultivated;2007;2007;1000 ha;3352.55;I;Imputed value;
RL;Land Use;372;Ireland;IE;5110;Area;6656;Perm. meadows & pastures - Cultivated;2008;2008;1000 ha;3694.85;I;Imputed value;
RL;Land Use;372;Ireland;IE;5110;Area;6656;Perm. meadows & pastures - Cultivated;2009;2009;1000 ha;3687.33;I;Imputed value;
RL;Land Use;372;Ireland;IE;5110;Area;6656;Perm. meadows & pastures - Cultivated;2010;2010;1000 ha;3690.16;I;Imputed value;
RL;Land Use;372;Ireland;IE;5110;Area;6656;Perm. meadows & pastures - Cultivated;2011;2011;1000 ha;3647.86;I;Imputed value;
RL;Land Use;372;Ireland;IE;5110;Area;6656;Perm. meadows & pastures - Cultivated;2012;2012;1000 ha;3568.39;I;Imputed value;
RL;Land Use;372;Ireland;IE;5110;Area;6656;Perm. meadows & pastures - Cultivated;2013;2013;1000 ha;3528.96;I;Imputed value;
RL;Land Use;372;Ireland;IE;5110;Area;6656;Perm. meadows & pastures - Cultivated;2014;2014;1000 ha;3505.82;I;Imputed value;
RL;Land Use;372;Ireland;IE;5110;Area;6656;Perm. meadows & pastures - Cultivated;2015;2015;1000 ha;3472;A;Official figure;
RL;Land Use;372;Ireland;IE;5110;Area;6656;Perm. meadows & pastures - Cultivated;2016;2016;1000 ha;3467;A;Official figure;
RL;Land Use;372;Ireland;IE;5110;Area;6656;Perm. meadows & pastures - Cultivated;2017;2017;1000 ha;3507;A;Official figure;
RL;Land Use;372;Ireland;IE;5110;Area;6656;Perm. meadows & pastures - Cultivated;2018;2018;1000 ha;3540;A;Official figure;
RL;Land Use;372;Ireland;IE;5110;Area;6656;Perm. meadows & pastures - Cultivated;2019;2019;1000 ha;3559;A;Official figure;
RL;Land Use;372;Ireland;IE;5110;Area;6656;Perm. meadows & pastures - Cultivated;2020;2020;1000 ha;3595;A;Official figure;
RL;Land Use;372;Ireland;IE;5110;Area;6656;Perm. meadows & pastures - Cultivated;2021;2021;1000 ha;3453;A;Official figure;
RL;Land Use;372;Ireland;IE;5110;Area;6656;Perm. meadows & pastures - Cultivated;2022;2022;1000 ha;3298;A;Official figure;
RL;Land Use;833;Isle of Man;;5110;Area;6656;Perm. meadows & pastures - Cultivated;2002;2002;1000 ha;12.9;A;Official figure;
RL;Land Use;833;Isle of Man;;5110;Area;6656;Perm. meadows & pastures - Cultivated;2003;2003;1000 ha;14.2;A;Official figure;
RL;Land Use;833;Isle of Man;;5110;Area;6656;Perm. meadows & pastures - Cultivated;2004;2004;1000 ha;13.9;A;Official figure;
RL;Land Use;833;Isle of Man;;5110;Area;6656;Perm. meadows & pastures - Cultivated;2005;2005;1000 ha;14;A;Official figure;
RL;Land Use;833;Isle of Man;;5110;Area;6656;Perm. meadows & pastures - Cultivated;2006;2006;1000 ha;3.4;A;Official figure;
RL;Land Use;833;Isle of Man;;5110;Area;6656;Perm. meadows & pastures - Cultivated;2007;2007;1000 ha;3.2;A;Official figure;
RL;Land Use;833;Isle of Man;;5110;Area;6656;Perm. meadows & pastures - Cultivated;2008;2008;1000 ha;4.8;A;Official figure;
RL;Land Use;833;Isle of Man;;5110;Area;6656;Perm. meadows & pastures - Cultivated;2009;2009;1000 ha;6;A;Official figure;
RL;Land Use;833;Isle of Man;;5110;Area;6656;Perm. meadows & pastures - Cultivated;2010;2010;1000 ha;6.3;A;Official figure;
RL;Land Use;833;Isle of Man;;5110;Area;6656;Perm. meadows & pastures - Cultivated;2011;2011;1000 ha;6.27;A;Official figure;
RL;Land Use;833;Isle of Man;;5110;Area;6656;Perm. meadows & pastures - Cultivated;2012;2012;1000 ha;6.3;I;Imputed value;
RL;Land Use;833;Isle of Man;;5110;Area;6656;Perm. meadows & pastures - Cultivated;2013;2013;1000 ha;6.3;I;Imputed value;
RL;Land Use;833;Isle of Man;;5110;Area;6656;Perm. meadows & pastures - Cultivated;2014;2014;1000 ha;6.3;I;Imputed value;
RL;Land Use;833;Isle of Man;;5110;Area;6656;Perm. meadows & pastures - Cultivated;2015;2015;1000 ha;6.3;I;Imputed value;
RL;Land Use;833;Isle of Man;;5110;Area;6656;Perm. meadows & pastures - Cultivated;2016;2016;1000 ha;6.3;I;Imputed value;
RL;Land Use;833;Isle of Man;;5110;Area;6656;Perm. meadows & pastures - Cultivated;2017;2017;1000 ha;6.3;I;Imputed value;
RL;Land Use;833;Isle of Man;;5110;Area;6656;Perm. meadows & pastures - Cultivated;2018;2018;1000 ha;6.3;I;Imputed value;
RL;Land Use;833;Isle of Man;;5110;Area;6656;Perm. meadows & pastures - Cultivated;2019;2019;1000 ha;6.3;I;Imputed value;
RL;Land Use;833;Isle of Man;;5110;Area;6656;Perm. meadows & pastures - Cultivated;2020;2020;1000 ha;6.3;I;Imputed value;
RL;Land Use;833;Isle of Man;;5110;Area;6656;Perm. meadows & pastures - Cultivated;2021;2021;1000 ha;6.3;I;Imputed value;
RL;Land Use;833;Isle of Man;;5110;Area;6656;Perm. meadows & pastures - Cultivated;2022;2022;1000 ha;6.3;I;Imputed value;
RL;Land Use;380;Italy;IT;5110;Area;6656;Perm. meadows & pastures - Cultivated;2018;2018;1000 ha;1112;A;Official figure;
RL;Land Use;380;Italy;IT;5110;Area;6656;Perm. meadows & pastures - Cultivated;2019;2019;1000 ha;1299;A;Official figure;
RL;Land Use;380;Italy;IT;5110;Area;6656;Perm. meadows & pastures - Cultivated;2020;2020;1000 ha;1938.717;A;Official figure;
RL;Land Use;380;Italy;IT;5110;Area;6656;Perm. meadows & pastures - Cultivated;2021;2021;1000 ha;1881.6755;A;Official figure;
RL;Land Use;380;Italy;IT;5110;Area;6656;Perm. meadows & pastures - Cultivated;2022;2022;1000 ha;2184;A;Official figure;
RL;Land Use;440;Lithuania;LT;5110;Area;6656;Perm. meadows & pastures - Cultivated;2004;2004;1000 ha;632.8;A;Official figure;
RL;Land Use;440;Lithuania;LT;5110;Area;6656;Perm. meadows & pastures - Cultivated;2005;2005;1000 ha;693.2;A;Official figure;
RL;Land Use;440;Lithuania;LT;5110;Area;6656;Perm. meadows & pastures - Cultivated;2006;2006;1000 ha;724.2;A;Official figure;
RL;Land Use;440;Lithuania;LT;5110;Area;6656;Perm. meadows & pastures - Cultivated;2007;2007;1000 ha;689.9;A;Official figure;
RL;Land Use;440;Lithuania;LT;5110;Area;6656;Perm. meadows & pastures - Cultivated;2008;2008;1000 ha;657.9;A;Official figure;
RL;Land Use;440;Lithuania;LT;5110;Area;6656;Perm. meadows & pastures - Cultivated;2009;2009;1000 ha;490.5;A;Official figure;
RL;Land Use;440;Lithuania;LT;5110;Area;6656;Perm. meadows & pastures - Cultivated;2010;2010;1000 ha;401.5;A;Official figure;
RL;Land Use;440;Lithuania;LT;5110;Area;6656;Perm. meadows & pastures - Cultivated;2011;2011;1000 ha;382.5;A;Official figure;
RL;Land Use;440;Lithuania;LT;5110;Area;6656;Perm. meadows & pastures - Cultivated;2012;2012;1000 ha;356.4;A;Official figure;
RL;Land Use;440;Lithuania;LT;5110;Area;6656;Perm. meadows & pastures - Cultivated;2013;2013;1000 ha;369.3;A;Official figure;
RL;Land Use;440;Lithuania;LT;5110;Area;6656;Perm. meadows & pastures - Cultivated;2014;2014;1000 ha;368.1;A;Official figure;
RL;Land Use;440;Lithuania;LT;5110;Area;6656;Perm. meadows & pastures - Cultivated;2015;2015;1000 ha;603.2;A;Official figure;
RL;Land Use;440;Lithuania;LT;5110;Area;6656;Perm. meadows & pastures - Cultivated;2016;2016;1000 ha;674.2;A;Official figure;
RL;Land Use;440;Lithuania;LT;5110;Area;6656;Perm. meadows & pastures - Cultivated;2017;2017;1000 ha;694.1;A;Official figure;
RL;Land Use;440;Lithuania;LT;5110;Area;6656;Perm. meadows & pastures - Cultivated;2018;2018;1000 ha;696;A;Official figure;
RL;Land Use;440;Lithuania;LT;5110;Area;6656;Perm. meadows & pastures - Cultivated;2019;2019;1000 ha;626;A;Official figure;
RL;Land Use;440;Lithuania;LT;5110;Area;6656;Perm. meadows & pastures - Cultivated;2020;2020;1000 ha;570;A;Official figure;
RL;Land Use;440;Lithuania;LT;5110;Area;6656;Perm. meadows & pastures - Cultivated;2021;2021;1000 ha;534.4;A;Official figure;
RL;Land Use;440;Lithuania;LT;5110;Area;6656;Perm. meadows & pastures - Cultivated;2022;2022;1000 ha;494.4;A;Official figure;
RL;Land Use;442;Luxembourg;LU;5110;Area;6656;Perm. meadows & pastures - Cultivated;2007;2007;1000 ha;68;A;Official figure;
RL;Land Use;442;Luxembourg;LU;5110;Area;6656;Perm. meadows & pastures - Cultivated;2008;2008;1000 ha;67;A;Official figure;
RL;Land Use;442;Luxembourg;LU;5110;Area;6656;Perm. meadows & pastures - Cultivated;2009;2009;1000 ha;67.37;A;Official figure;
RL;Land Use;442;Luxembourg;LU;5110;Area;6656;Perm. meadows & pastures - Cultivated;2010;2010;1000 ha;67.59;A;Official figure;
RL;Land Use;442;Luxembourg;LU;5110;Area;6656;Perm. meadows & pastures - Cultivated;2011;2011;1000 ha;67.64;A;Official figure;
RL;Land Use;442;Luxembourg;LU;5110;Area;6656;Perm. meadows & pastures - Cultivated;2012;2012;1000 ha;67.29;A;Official figure;
RL;Land Use;442;Luxembourg;LU;5110;Area;6656;Perm. meadows & pastures - Cultivated;2013;2013;1000 ha;66.9;A;Official figure;
RL;Land Use;442;Luxembourg;LU;5110;Area;6656;Perm. meadows & pastures - Cultivated;2014;2014;1000 ha;66.83;A;Official figure;
RL;Land Use;442;Luxembourg;LU;5110;Area;6656;Perm. meadows & pastures - Cultivated;2015;2015;1000 ha;66.92;A;Official figure;
RL;Land Use;442;Luxembourg;LU;5110;Area;6656;Perm. meadows & pastures - Cultivated;2016;2016;1000 ha;67.12;A;Official figure;
RL;Land Use;442;Luxembourg;LU;5110;Area;6656;Perm. meadows & pastures - Cultivated;2017;2017;1000 ha;67.413;A;Official figure;
RL;Land Use;442;Luxembourg;LU;5110;Area;6656;Perm. meadows & pastures - Cultivated;2018;2018;1000 ha;67.705;A;Official figure;
RL;Land Use;442;Luxembourg;LU;5110;Area;6656;Perm. meadows & pastures - Cultivated;2019;2019;1000 ha;67.884;A;Official figure;
RL;Land Use;442;Luxembourg;LU;5110;Area;6656;Perm. meadows & pastures - Cultivated;2020;2020;1000 ha;68.25;A;Official figure;
RL;Land Use;442;Luxembourg;LU;5110;Area;6656;Perm. meadows & pastures - Cultivated;2021;2021;1000 ha;68.537;A;Official figure;
RL;Land Use;442;Luxembourg;LU;5110;Area;6656;Perm. meadows & pastures - Cultivated;2022;2022;1000 ha;68.681;A;Official figure;
RL;Land Use;499;Montenegro;ME;5110;Area;6656;Perm. meadows & pastures - Cultivated;2013;2013;1000 ha;210.62;B;Time series break;
RL;Land Use;499;Montenegro;ME;5110;Area;6656;Perm. meadows & pastures - Cultivated;2014;2014;1000 ha;216.58;A;Official figure;
RL;Land Use;499;Montenegro;ME;5110;Area;6656;Perm. meadows & pastures - Cultivated;2015;2015;1000 ha;217.6;A;Official figure;
RL;Land Use;499;Montenegro;ME;5110;Area;6656;Perm. meadows & pastures - Cultivated;2016;2016;1000 ha;241.3;A;Official figure;
RL;Land Use;499;Montenegro;ME;5110;Area;6656;Perm. meadows & pastures - Cultivated;2017;2017;1000 ha;241.7;A;Official figure;
RL;Land Use;499;Montenegro;ME;5110;Area;6656;Perm. meadows & pastures - Cultivated;2018;2018;1000 ha;242.1;A;Official figure;
RL;Land Use;499;Montenegro;ME;5110;Area;6656;Perm. meadows & pastures - Cultivated;2019;2019;1000 ha;243;A;Official figure;
RL;Land Use;499;Montenegro;ME;5110;Area;6656;Perm. meadows & pastures - Cultivated;2020;2020;1000 ha;243.3;I;Imputed value;
RL;Land Use;499;Montenegro;ME;5110;Area;6656;Perm. meadows & pastures - Cultivated;2021;2021;1000 ha;241.1;I;Imputed value;
RL;Land Use;499;Montenegro;ME;5110;Area;6656;Perm. meadows & pastures - Cultivated;2022;2022;1000 ha;239;I;Imputed value;
RL;Land Use;528;Netherlands (Kingdom of the);NL;5110;Area;6656;Perm. meadows & pastures - Cultivated;2001;2001;1000 ha;842.9;I;Imputed value;
RL;Land Use;528;Netherlands (Kingdom of the);NL;5110;Area;6656;Perm. meadows & pastures - Cultivated;2002;2002;1000 ha;853.4;I;Imputed value;
RL;Land Use;528;Netherlands (Kingdom of the);NL;5110;Area;6656;Perm. meadows & pastures - Cultivated;2003;2003;1000 ha;756.5;I;Imputed value;
RL;Land Use;528;Netherlands (Kingdom of the);NL;5110;Area;6656;Perm. meadows & pastures - Cultivated;2004;2004;1000 ha;756.7;A;Official figure;
RL;Land Use;528;Netherlands (Kingdom of the);NL;5110;Area;6656;Perm. meadows & pastures - Cultivated;2005;2005;1000 ha;770.6;A;Official figure;
RL;Land Use;528;Netherlands (Kingdom of the);NL;5110;Area;6656;Perm. meadows & pastures - Cultivated;2006;2006;1000 ha;794.7;A;Official figure;
RL;Land Use;528;Netherlands (Kingdom of the);NL;5110;Area;6656;Perm. meadows & pastures - Cultivated;2007;2007;1000 ha;794.3;A;Official figure;
RL;Land Use;528;Netherlands (Kingdom of the);NL;5110;Area;6656;Perm. meadows & pastures - Cultivated;2008;2008;1000 ha;791.6;A;Official figure;
RL;Land Use;528;Netherlands (Kingdom of the);NL;5110;Area;6656;Perm. meadows & pastures - Cultivated;2009;2009;1000 ha;784.8;A;Official figure;
RL;Land Use;528;Netherlands (Kingdom of the);NL;5110;Area;6656;Perm. meadows & pastures - Cultivated;2010;2010;1000 ha;768.7;A;Official figure;
RL;Land Use;528;Netherlands (Kingdom of the);NL;5110;Area;6656;Perm. meadows & pastures - Cultivated;2011;2011;1000 ha;766.4;A;Official figure;
RL;Land Use;528;Netherlands (Kingdom of the);NL;5110;Area;6656;Perm. meadows & pastures - Cultivated;2012;2012;1000 ha;746.2;A;Official figure;
RL;Land Use;528;Netherlands (Kingdom of the);NL;5110;Area;6656;Perm. meadows & pastures - Cultivated;2013;2013;1000 ha;722.1;A;Official figure;
RL;Land Use;528;Netherlands (Kingdom of the);NL;5110;Area;6656;Perm. meadows & pastures - Cultivated;2014;2014;1000 ha;705.8;A;Official figure;
RL;Land Use;528;Netherlands (Kingdom of the);NL;5110;Area;6656;Perm. meadows & pastures - Cultivated;2015;2015;1000 ha;714;A;Official figure;
RL;Land Use;528;Netherlands (Kingdom of the);NL;5110;Area;6656;Perm. meadows & pastures - Cultivated;2016;2016;1000 ha;691;A;Official figure;
RL;Land Use;528;Netherlands (Kingdom of the);NL;5110;Area;6656;Perm. meadows & pastures - Cultivated;2017;2017;1000 ha;680;A;Official figure;
RL;Land Use;528;Netherlands (Kingdom of the);NL;5110;Area;6656;Perm. meadows & pastures - Cultivated;2018;2018;1000 ha;684;A;Official figure;
RL;Land Use;528;Netherlands (Kingdom of the);NL;5110;Area;6656;Perm. meadows & pastures - Cultivated;2019;2019;1000 ha;691;A;Official figure;
RL;Land Use;528;Netherlands (Kingdom of the);NL;5110;Area;6656;Perm. meadows & pastures - Cultivated;2020;2020;1000 ha;694.44;A;Official figure;
RL;Land Use;528;Netherlands (Kingdom of the);NL;5110;Area;6656;Perm. meadows & pastures - Cultivated;2021;2021;1000 ha;689;A;Official figure;
RL;Land Use;528;Netherlands (Kingdom of the);NL;5110;Area;6656;Perm. meadows & pastures - Cultivated;2022;2022;1000 ha;680;A;Official figure;
RL;Land Use;807;North Macedonia;MK;5110;Area;6656;Perm. meadows & pastures - Cultivated;2002;2002;1000 ha;53;A;Official figure;
RL;Land Use;807;North Macedonia;MK;5110;Area;6656;Perm. meadows & pastures - Cultivated;2003;2003;1000 ha;53;A;Official figure;
RL;Land Use;807;North Macedonia;MK;5110;Area;6656;Perm. meadows & pastures - Cultivated;2004;2004;1000 ha;56;A;Official figure;
RL;Land Use;807;North Macedonia;MK;5110;Area;6656;Perm. meadows & pastures - Cultivated;2005;2005;1000 ha;58;A;Official figure;
RL;Land Use;807;North Macedonia;MK;5110;Area;6656;Perm. meadows & pastures - Cultivated;2006;2006;1000 ha;60;A;Official figure;
RL;Land Use;807;North Macedonia;MK;5110;Area;6656;Perm. meadows & pastures - Cultivated;2007;2007;1000 ha;59;A;Official figure;
RL;Land Use;807;North Macedonia;MK;5110;Area;6656;Perm. meadows & pastures - Cultivated;2008;2008;1000 ha;61;A;Official figure;
RL;Land Use;807;North Macedonia;MK;5110;Area;6656;Perm. meadows & pastures - Cultivated;2009;2009;1000 ha;58;A;Official figure;
RL;Land Use;807;North Macedonia;MK;5110;Area;6656;Perm. meadows & pastures - Cultivated;2010;2010;1000 ha;59;A;Official figure;
RL;Land Use;807;North Macedonia;MK;5110;Area;6656;Perm. meadows & pastures - Cultivated;2011;2011;1000 ha;61;A;Official figure;
RL;Land Use;807;North Macedonia;MK;5110;Area;6656;Perm. meadows & pastures - Cultivated;2012;2012;1000 ha;60;A;Official figure;
RL;Land Use;807;North Macedonia;MK;5110;Area;6656;Perm. meadows & pastures - Cultivated;2013;2013;1000 ha;59;A;Official figure;
RL;Land Use;807;North Macedonia;MK;5110;Area;6656;Perm. meadows & pastures - Cultivated;2014;2014;1000 ha;60;A;Official figure;
RL;Land Use;807;North Macedonia;MK;5110;Area;6656;Perm. meadows & pastures - Cultivated;2015;2015;1000 ha;59;A;Official figure;
RL;Land Use;807;North Macedonia;MK;5110;Area;6656;Perm. meadows & pastures - Cultivated;2016;2016;1000 ha;59;A;Official figure;
RL;Land Use;807;North Macedonia;MK;5110;Area;6656;Perm. meadows & pastures - Cultivated;2017;2017;1000 ha;60;A;Official figure;
RL;Land Use;807;North Macedonia;MK;5110;Area;6656;Perm. meadows & pastures - Cultivated;2018;2018;1000 ha;60;A;Official figure;
RL;Land Use;807;North Macedonia;MK;5110;Area;6656;Perm. meadows & pastures - Cultivated;2019;2019;1000 ha;60;A;Official figure;
RL;Land Use;807;North Macedonia;MK;5110;Area;6656;Perm. meadows & pastures - Cultivated;2020;2020;1000 ha;60;A;Official figure;
RL;Land Use;807;North Macedonia;MK;5110;Area;6656;Perm. meadows & pastures - Cultivated;2021;2021;1000 ha;59;A;Official figure;
RL;Land Use;807;North Macedonia;MK;5110;Area;6656;Perm. meadows & pastures - Cultivated;2022;2022;1000 ha;59;A;Official figure;
RL;Land Use;578;Norway;NO;5110;Area;6656;Perm. meadows & pastures - Cultivated;2002;2002;1000 ha;28;A;Official figure;
RL;Land Use;578;Norway;NO;5110;Area;6656;Perm. meadows & pastures - Cultivated;2003;2003;1000 ha;27;A;Official figure;
RL;Land Use;578;Norway;NO;5110;Area;6656;Perm. meadows & pastures - Cultivated;2004;2004;1000 ha;27;A;Official figure;
RL;Land Use;578;Norway;NO;5110;Area;6656;Perm. meadows & pastures - Cultivated;2005;2005;1000 ha;27;A;Official figure;
RL;Land Use;578;Norway;NO;5110;Area;6656;Perm. meadows & pastures - Cultivated;2006;2006;1000 ha;26;A;Official figure;
RL;Land Use;578;Norway;NO;5110;Area;6656;Perm. meadows & pastures - Cultivated;2007;2007;1000 ha;25.4;A;Official figure;
RL;Land Use;578;Norway;NO;5110;Area;6656;Perm. meadows & pastures - Cultivated;2008;2008;1000 ha;24.3;A;Official figure;
RL;Land Use;578;Norway;NO;5110;Area;6656;Perm. meadows & pastures - Cultivated;2009;2009;1000 ha;22.45;A;Official figure;
RL;Land Use;578;Norway;NO;5110;Area;6656;Perm. meadows & pastures - Cultivated;2010;2010;1000 ha;20.7;A;Official figure;
RL;Land Use;578;Norway;NO;5110;Area;6656;Perm. meadows & pastures - Cultivated;2011;2011;1000 ha;20.1;A;Official figure;
RL;Land Use;578;Norway;NO;5110;Area;6656;Perm. meadows & pastures - Cultivated;2012;2012;1000 ha;20.1;A;Official figure;
RL;Land Use;578;Norway;NO;5110;Area;6656;Perm. meadows & pastures - Cultivated;2013;2013;1000 ha;19.9525;A;Official figure;
RL;Land Use;578;Norway;NO;5110;Area;6656;Perm. meadows & pastures - Cultivated;2014;2014;1000 ha;19.85;A;Official figure;
RL;Land Use;578;Norway;NO;5110;Area;6656;Perm. meadows & pastures - Cultivated;2015;2015;1000 ha;19.767;A;Official figure;
RL;Land Use;578;Norway;NO;5110;Area;6656;Perm. meadows & pastures - Cultivated;2016;2016;1000 ha;19.517;A;Official figure;
RL;Land Use;578;Norway;NO;5110;Area;6656;Perm. meadows & pastures - Cultivated;2017;2017;1000 ha;19.504;A;Official figure;
RL;Land Use;578;Norway;NO;5110;Area;6656;Perm. meadows & pastures - Cultivated;2018;2018;1000 ha;19.971;A;Official figure;
RL;Land Use;578;Norway;NO;5110;Area;6656;Perm. meadows & pastures - Cultivated;2019;2019;1000 ha;20.042;A;Official figure;
RL;Land Use;578;Norway;NO;5110;Area;6656;Perm. meadows & pastures - Cultivated;2020;2020;1000 ha;20.612;A;Official figure;
RL;Land Use;578;Norway;NO;5110;Area;6656;Perm. meadows & pastures - Cultivated;2021;2021;1000 ha;21;A;Official figure;
RL;Land Use;578;Norway;NO;5110;Area;6656;Perm. meadows & pastures - Cultivated;2022;2022;1000 ha;21;A;Official figure;
RL;Land Use;616;Poland;PL;5110;Area;6656;Perm. meadows & pastures - Cultivated;2001;2001;1000 ha;3864;A;Official figure;
RL;Land Use;616;Poland;PL;5110;Area;6656;Perm. meadows & pastures - Cultivated;2002;2002;1000 ha;3562;A;Official figure;
RL;Land Use;616;Poland;PL;5110;Area;6656;Perm. meadows & pastures - Cultivated;2003;2003;1000 ha;3268;A;Official figure;
RL;Land Use;616;Poland;PL;5110;Area;6656;Perm. meadows & pastures - Cultivated;2004;2004;1000 ha;3365;A;Official figure;
RL;Land Use;616;Poland;PL;5110;Area;6656;Perm. meadows & pastures - Cultivated;2005;2005;1000 ha;3387;A;Official figure;
RL;Land Use;616;Poland;PL;5110;Area;6656;Perm. meadows & pastures - Cultivated;2006;2006;1000 ha;3216;A;Official figure;
RL;Land Use;616;Poland;PL;5110;Area;6656;Perm. meadows & pastures - Cultivated;2007;2007;1000 ha;3271;A;Official figure;
RL;Land Use;616;Poland;PL;5110;Area;6656;Perm. meadows & pastures - Cultivated;2008;2008;1000 ha;3184;A;Official figure;
RL;Land Use;616;Poland;PL;5110;Area;6656;Perm. meadows & pastures - Cultivated;2009;2009;1000 ha;3180;A;Official figure;
RL;Land Use;616;Poland;PL;5110;Area;6656;Perm. meadows & pastures - Cultivated;2010;2010;1000 ha;3230;A;Official figure;
RL;Land Use;616;Poland;PL;5110;Area;6656;Perm. meadows & pastures - Cultivated;2011;2011;1000 ha;3291;A;Official figure;
RL;Land Use;616;Poland;PL;5110;Area;6656;Perm. meadows & pastures - Cultivated;2012;2012;1000 ha;3206;A;Official figure;
RL;Land Use;616;Poland;PL;5110;Area;6656;Perm. meadows & pastures - Cultivated;2013;2013;1000 ha;3206;A;Official figure;
RL;Land Use;616;Poland;PL;5110;Area;6656;Perm. meadows & pastures - Cultivated;2014;2014;1000 ha;3120;A;Official figure;
RL;Land Use;616;Poland;PL;5110;Area;6656;Perm. meadows & pastures - Cultivated;2015;2015;1000 ha;2658;A;Official figure;
RL;Land Use;616;Poland;PL;5110;Area;6656;Perm. meadows & pastures - Cultivated;2016;2016;1000 ha;2908;A;Official figure;
RL;Land Use;616;Poland;PL;5110;Area;6656;Perm. meadows & pastures - Cultivated;2017;2017;1000 ha;2986;A;Official figure;
RL;Land Use;616;Poland;PL;5110;Area;6656;Perm. meadows & pastures - Cultivated;2018;2018;1000 ha;2959;A;Official figure;
RL;Land Use;616;Poland;PL;5110;Area;6656;Perm. meadows & pastures - Cultivated;2019;2019;1000 ha;2922;A;Official figure;
RL;Land Use;616;Poland;PL;5110;Area;6656;Perm. meadows & pastures - Cultivated;2020;2020;1000 ha;2780;A;Official figure;
RL;Land Use;620;Portugal;PT;5110;Area;6656;Perm. meadows & pastures - Cultivated;2005;2005;1000 ha;515;A;Official figure;
RL;Land Use;620;Portugal;PT;5110;Area;6656;Perm. meadows & pastures - Cultivated;2013;2013;1000 ha;547.98;A;Official figure;
RL;Land Use;620;Portugal;PT;5110;Area;6656;Perm. meadows & pastures - Cultivated;2014;2014;1000 ha;547.98;A;Official figure;
RL;Land Use;620;Portugal;PT;5110;Area;6656;Perm. meadows & pastures - Cultivated;2015;2015;1000 ha;547.98;A;Official figure;
RL;Land Use;620;Portugal;PT;5110;Area;6656;Perm. meadows & pastures - Cultivated;2016;2016;1000 ha;513.07;A;Official figure;
RL;Land Use;620;Portugal;PT;5110;Area;6656;Perm. meadows & pastures - Cultivated;2017;2017;1000 ha;536.1512;I;Imputed value;
RL;Land Use;620;Portugal;PT;5110;Area;6656;Perm. meadows & pastures - Cultivated;2018;2018;1000 ha;559.2324;I;Imputed value;
RL;Land Use;620;Portugal;PT;5110;Area;6656;Perm. meadows & pastures - Cultivated;2019;2019;1000 ha;571.8535;I;Imputed value;
RL;Land Use;620;Portugal;PT;5110;Area;6656;Perm. meadows & pastures - Cultivated;2020;2020;1000 ha;578.0119;I;Imputed value;
RL;Land Use;620;Portugal;PT;5110;Area;6656;Perm. meadows & pastures - Cultivated;2021;2021;1000 ha;582.7157;I;Imputed value;
RL;Land Use;620;Portugal;PT;5110;Area;6656;Perm. meadows & pastures - Cultivated;2022;2022;1000 ha;579.8928;I;Imputed value;
RL;Land Use;642;Romania;RO;5110;Area;6656;Perm. meadows & pastures - Cultivated;2007;2007;1000 ha;2696;A;Official figure;
RL;Land Use;642;Romania;RO;5110;Area;6656;Perm. meadows & pastures - Cultivated;2008;2008;1000 ha;2670;A;Official figure;
RL;Land Use;642;Romania;RO;5110;Area;6656;Perm. meadows & pastures - Cultivated;2009;2009;1000 ha;2623;A;Official figure;
RL;Land Use;642;Romania;RO;5110;Area;6656;Perm. meadows & pastures - Cultivated;2010;2010;1000 ha;2728;A;Official figure;
RL;Land Use;642;Romania;RO;5110;Area;6656;Perm. meadows & pastures - Cultivated;2011;2011;1000 ha;2726;A;Official figure;
RL;Land Use;642;Romania;RO;5110;Area;6656;Perm. meadows & pastures - Cultivated;2012;2012;1000 ha;2693;A;Official figure;
RL;Land Use;642;Romania;RO;5110;Area;6656;Perm. meadows & pastures - Cultivated;2013;2013;1000 ha;2830;A;Official figure;
RL;Land Use;642;Romania;RO;5110;Area;6656;Perm. meadows & pastures - Cultivated;2014;2014;1000 ha;2776;A;Official figure;
RL;Land Use;703;Slovakia;SK;5110;Area;6656;Perm. meadows & pastures - Cultivated;2015;2015;1000 ha;520.6;A;Official figure;
RL;Land Use;703;Slovakia;SK;5110;Area;6656;Perm. meadows & pastures - Cultivated;2016;2016;1000 ha;521;A;Official figure;
RL;Land Use;703;Slovakia;SK;5110;Area;6656;Perm. meadows & pastures - Cultivated;2017;2017;1000 ha;518;A;Official figure;
RL;Land Use;703;Slovakia;SK;5110;Area;6656;Perm. meadows & pastures - Cultivated;2018;2018;1000 ha;524;A;Official figure;
RL;Land Use;703;Slovakia;SK;5110;Area;6656;Perm. meadows & pastures - Cultivated;2019;2019;1000 ha;518;A;Official figure;
RL;Land Use;703;Slovakia;SK;5110;Area;6656;Perm. meadows & pastures - Cultivated;2020;2020;1000 ha;519;A;Official figure;
RL;Land Use;703;Slovakia;SK;5110;Area;6656;Perm. meadows & pastures - Cultivated;2021;2021;1000 ha;512;A;Official figure;
RL;Land Use;703;Slovakia;SK;5110;Area;6656;Perm. meadows & pastures - Cultivated;2022;2022;1000 ha;509;A;Official figure;
RL;Land Use;756;Switzerland;CH;5110;Area;6656;Perm. meadows & pastures - Cultivated;2001;2001;1000 ha;634.6078;A;Official figure;
RL;Land Use;756;Switzerland;CH;5110;Area;6656;Perm. meadows & pastures - Cultivated;2002;2002;1000 ha;634.4256;A;Official figure;
RL;Land Use;756;Switzerland;CH;5110;Area;6656;Perm. meadows & pastures - Cultivated;2003;2003;1000 ha;633.7906;A;Official figure;
RL;Land Use;756;Switzerland;CH;5110;Area;6656;Perm. meadows & pastures - Cultivated;2004;2004;1000 ha;631.6843;A;Official figure;
RL;Land Use;756;Switzerland;CH;5110;Area;6656;Perm. meadows & pastures - Cultivated;2005;2005;1000 ha;632.4419;A;Official figure;
RL;Land Use;756;Switzerland;CH;5110;Area;6656;Perm. meadows & pastures - Cultivated;2006;2006;1000 ha;631.6817;A;Official figure;
RL;Land Use;756;Switzerland;CH;5110;Area;6656;Perm. meadows & pastures - Cultivated;2007;2007;1000 ha;626.8435;A;Official figure;
RL;Land Use;756;Switzerland;CH;5110;Area;6656;Perm. meadows & pastures - Cultivated;2008;2008;1000 ha;624.9697;A;Official figure;
RL;Land Use;756;Switzerland;CH;5110;Area;6656;Perm. meadows & pastures - Cultivated;2009;2009;1000 ha;622.2467;A;Official figure;
RL;Land Use;756;Switzerland;CH;5110;Area;6656;Perm. meadows & pastures - Cultivated;2010;2010;1000 ha;619.6547;A;Official figure;
RL;Land Use;756;Switzerland;CH;5110;Area;6656;Perm. meadows & pastures - Cultivated;2011;2011;1000 ha;620.2493;A;Official figure;
RL;Land Use;756;Switzerland;CH;5110;Area;6656;Perm. meadows & pastures - Cultivated;2012;2012;1000 ha;619.1128;A;Official figure;
RL;Land Use;756;Switzerland;CH;5110;Area;6656;Perm. meadows & pastures - Cultivated;2013;2013;1000 ha;617.6319;A;Official figure;
RL;Land Use;756;Switzerland;CH;5110;Area;6656;Perm. meadows & pastures - Cultivated;2014;2014;1000 ha;621.2291;A;Official figure;
RL;Land Use;756;Switzerland;CH;5110;Area;6656;Perm. meadows & pastures - Cultivated;2015;2015;1000 ha;621.146;A;Official figure;
RL;Land Use;756;Switzerland;CH;5110;Area;6656;Perm. meadows & pastures - Cultivated;2016;2016;1000 ha;619.7644;A;Official figure;
RL;Land Use;756;Switzerland;CH;5110;Area;6656;Perm. meadows & pastures - Cultivated;2017;2017;1000 ha;617.2929;A;Official figure;
RL;Land Use;756;Switzerland;CH;5110;Area;6656;Perm. meadows & pastures - Cultivated;2018;2018;1000 ha;615.8782;A;Official figure;
RL;Land Use;756;Switzerland;CH;5110;Area;6656;Perm. meadows & pastures - Cultivated;2019;2019;1000 ha;614.0639;A;Official figure;
RL;Land Use;756;Switzerland;CH;5110;Area;6656;Perm. meadows & pastures - Cultivated;2020;2020;1000 ha;613.014;A;Official figure;
RL;Land Use;756;Switzerland;CH;5110;Area;6656;Perm. meadows & pastures - Cultivated;2021;2021;1000 ha;615.2446;A;Official figure;
RL;Land Use;756;Switzerland;CH;5110;Area;6656;Perm. meadows & pastures - Cultivated;2022;2022;1000 ha;614.0838;A;Official figure;
RL;Land Use;804;Ukraine;;5110;Area;6656;Perm. meadows & pastures - Cultivated;2003;2003;1000 ha;1776;A;Official figure;
RL;Land Use;804;Ukraine;;5110;Area;6656;Perm. meadows & pastures - Cultivated;2004;2004;1000 ha;1592;A;Official figure;
RL;Land Use;804;Ukraine;;5110;Area;6656;Perm. meadows & pastures - Cultivated;2005;2005;1000 ha;1715;A;Official figure;
RL;Land Use;804;Ukraine;;5110;Area;6656;Perm. meadows & pastures - Cultivated;2006;2006;1000 ha;1517;A;Official figure;
RL;Land Use;804;Ukraine;;5110;Area;6656;Perm. meadows & pastures - Cultivated;2007;2007;1000 ha;1500;A;Official figure;
RL;Land Use;804;Ukraine;;5110;Area;6656;Perm. meadows & pastures - Cultivated;2008;2008;1000 ha;1274;A;Official figure;
RL;Land Use;804;Ukraine;;5110;Area;6656;Perm. meadows & pastures - Cultivated;2009;2009;1000 ha;1320;A;Official figure;
RL;Land Use;804;Ukraine;;5110;Area;6656;Perm. meadows & pastures - Cultivated;2010;2010;1000 ha;1201;A;Official figure;
RL;Land Use;804;Ukraine;;5110;Area;6656;Perm. meadows & pastures - Cultivated;2011;2011;1000 ha;1092;A;Official figure;
RL;Land Use;804;Ukraine;;5110;Area;6656;Perm. meadows & pastures - Cultivated;2012;2012;1000 ha;1131;A;Official figure;
RL;Land Use;804;Ukraine;;5110;Area;6656;Perm. meadows & pastures - Cultivated;2013;2013;1000 ha;1148;A;Official figure;
RL;Land Use;804;Ukraine;;5110;Area;6656;Perm. meadows & pastures - Cultivated;2014;2014;1000 ha;1139;A;Official figure;
RL;Land Use;804;Ukraine;;5110;Area;6656;Perm. meadows & pastures - Cultivated;2015;2015;1000 ha;887;A;Official figure;
RL;Land Use;804;Ukraine;;5110;Area;6656;Perm. meadows & pastures - Cultivated;2016;2016;1000 ha;738;A;Official figure;
RL;Land Use;804;Ukraine;;5110;Area;6656;Perm. meadows & pastures - Cultivated;2017;2017;1000 ha;740;A;Official figure;
RL;Land Use;804;Ukraine;;5110;Area;6656;Perm. meadows & pastures - Cultivated;2018;2018;1000 ha;760;A;Official figure;
RL;Land Use;804;Ukraine;;5110;Area;6656;Perm. meadows & pastures - Cultivated;2019;2019;1000 ha;640;A;Official figure;
RL;Land Use;804;Ukraine;;5110;Area;6656;Perm. meadows & pastures - Cultivated;2020;2020;1000 ha;680;A;Official figure;
RL;Land Use;804;Ukraine;;5110;Area;6656;Perm. meadows & pastures - Cultivated;2021;2021;1000 ha;580;A;Official figure;
RL;Land Use;804;Ukraine;;5110;Area;6656;Perm. meadows & pastures - Cultivated;2022;2022;1000 ha;380;A;Official figure;
RL;Land Use;826;United Kingdom of Great Britain and Northern Ireland;UK;5110;Area;6656;Perm. meadows & pastures - Cultivated;2001;2001;1000 ha;5584;A;Official figure;
RL;Land Use;826;United Kingdom of Great Britain and Northern Ireland;UK;5110;Area;6656;Perm. meadows & pastures - Cultivated;2002;2002;1000 ha;5422;A;Official figure;
RL;Land Use;826;United Kingdom of Great Britain and Northern Ireland;UK;5110;Area;6656;Perm. meadows & pastures - Cultivated;2003;2003;1000 ha;5683;A;Official figure;
RL;Land Use;826;United Kingdom of Great Britain and Northern Ireland;UK;5110;Area;6656;Perm. meadows & pastures - Cultivated;2004;2004;1000 ha;5620;A;Official figure;
RL;Land Use;826;United Kingdom of Great Britain and Northern Ireland;UK;5110;Area;6656;Perm. meadows & pastures - Cultivated;2005;2005;1000 ha;5590;A;Official figure;
RL;Land Use;826;United Kingdom of Great Britain and Northern Ireland;UK;5110;Area;6656;Perm. meadows & pastures - Cultivated;2006;2006;1000 ha;5967;A;Official figure;
RL;Land Use;826;United Kingdom of Great Britain and Northern Ireland;UK;5110;Area;6656;Perm. meadows & pastures - Cultivated;2007;2007;1000 ha;5965;A;Official figure;
RL;Land Use;826;United Kingdom of Great Britain and Northern Ireland;UK;5110;Area;6656;Perm. meadows & pastures - Cultivated;2008;2008;1000 ha;6036;A;Official figure;
RL;Land Use;826;United Kingdom of Great Britain and Northern Ireland;UK;5110;Area;6656;Perm. meadows & pastures - Cultivated;2009;2009;1000 ha;5865;A;Official figure;
RL;Land Use;826;United Kingdom of Great Britain and Northern Ireland;UK;5110;Area;6656;Perm. meadows & pastures - Cultivated;2010;2010;1000 ha;5925;A;Official figure;
RL;Land Use;826;United Kingdom of Great Britain and Northern Ireland;UK;5110;Area;6656;Perm. meadows & pastures - Cultivated;2011;2011;1000 ha;5877;A;Official figure;
RL;Land Use;826;United Kingdom of Great Britain and Northern Ireland;UK;5110;Area;6656;Perm. meadows & pastures - Cultivated;2012;2012;1000 ha;5799;A;Official figure;
RL;Land Use;826;United Kingdom of Great Britain and Northern Ireland;UK;5110;Area;6656;Perm. meadows & pastures - Cultivated;2013;2013;1000 ha;5801.7;A;Official figure;
RL;Land Use;826;United Kingdom of Great Britain and Northern Ireland;UK;5110;Area;6656;Perm. meadows & pastures - Cultivated;2014;2014;1000 ha;5824.3;A;Official figure;
RL;Land Use;826;United Kingdom of Great Britain and Northern Ireland;UK;5110;Area;6656;Perm. meadows & pastures - Cultivated;2015;2015;1000 ha;6078;A;Official figure;
RL;Land Use;826;United Kingdom of Great Britain and Northern Ireland;UK;5110;Area;6656;Perm. meadows & pastures - Cultivated;2016;2016;1000 ha;6117.7442;A;Official figure;
RL;Land Use;826;United Kingdom of Great Britain and Northern Ireland;UK;5110;Area;6656;Perm. meadows & pastures - Cultivated;2017;2017;1000 ha;6135.3786;A;Official figure;
RL;Land Use;826;United Kingdom of Great Britain and Northern Ireland;UK;5110;Area;6656;Perm. meadows & pastures - Cultivated;2018;2018;1000 ha;6177.8225;A;Official figure;
RL;Land Use;826;United Kingdom of Great Britain and Northern Ireland;UK;5110;Area;6656;Perm. meadows & pastures - Cultivated;2019;2019;1000 ha;6206.957;A;Official figure;
RL;Land Use;826;United Kingdom of Great Britain and Northern Ireland;UK;5110;Area;6656;Perm. meadows & pastures - Cultivated;2020;2020;1000 ha;6118.2915;A;Official figure;
RL;Land Use;826;United Kingdom of Great Britain and Northern Ireland;UK;5110;Area;6656;Perm. meadows & pastures - Cultivated;2021;2021;1000 ha;6070.9117;A;Official figure;
RL;Land Use;826;United Kingdom of Great Britain and Northern Ireland;UK;5110;Area;6656;Perm. meadows & pastures - Cultivated;2022;2022;1000 ha;6030.0959;A;Official figure;